{
  "name": "publishToiSeriesKeyedQueue",
  "isActive": true,
  "comments": "This function demonstrates how we can write data to an AS400 Keyed data queue. This function uses the Live API Creator Listener/Provider framework to simplify the connection to AS400 data queue.",
  "returnType": null,
  "extendedProperties": null,
  "parameters": {
    "message": {
      "parameterType": "string",
      "isRequired": true,
      "comments": "Enter description here"
    }
  },
  "functionType": "apiLevel"
}
