[
  {
    "parentEntity": "LACAKDS:customer",
    "childEntity": "LACAKDS:PurchaseOrder",
    "roleToParent": "customer",
    "roleToChild": "PurchaseOrder_List",
    "deleteRule": "Cascade",
    "updateRule": "No Action",
    "parentColumns": [
      "name"
    ],
    "childColumns": [
      "customer_name"
    ]
  },
  {
    "parentEntity": "LACAKDS:employee",
    "childEntity": "LACAKDS:employee_picture",
    "roleToParent": "employee",
    "roleToChild": "employee_picture_List",
    "deleteRule": "Cascade",
    "updateRule": "No Action",
    "parentColumns": [
      "employee_id"
    ],
    "childColumns": [
      "employee_id"
    ]
  },
  {
    "parentEntity": "LACAKDS:employee",
    "childEntity": "LACAKDS:PurchaseOrder",
    "roleToParent": "employee",
    "roleToChild": "PurchaseOrder_List",
    "deleteRule": "Cascade",
    "updateRule": "No Action",
    "parentColumns": [
      "employee_id"
    ],
    "childColumns": [
      "salesrep_id"
    ]
  },
  {
    "parentEntity": "LACAKDS:M12",
    "childEntity": "LACAKDS:M13",
    "roleToParent": "M12",
    "roleToChild": "M13_List",
    "deleteRule": "No Action",
    "updateRule": "No Action",
    "parentColumns": [
      "CARDNO"
    ],
    "childColumns": [
      "CARDNO"
    ]
  },
  {
    "parentEntity": "LACAKDS:product",
    "childEntity": "LACAKDS:LineItem",
    "roleToParent": "product",
    "roleToChild": "LineItem_List",
    "deleteRule": "No Action",
    "updateRule": "No Action",
    "parentColumns": [
      "product_number"
    ],
    "childColumns": [
      "product_number"
    ]
  },
  {
    "parentEntity": "LACAKDS:PurchaseOrder",
    "childEntity": "LACAKDS:LineItem",
    "roleToParent": "PurchaseOrder",
    "roleToChild": "LineItem_List",
    "deleteRule": "Cascade",
    "updateRule": "No Action",
    "parentColumns": [
      "order_number"
    ],
    "childColumns": [
      "order_number"
    ]
  },
  {
    "parentEntity": "LACAKDS:PurchaseOrder",
    "childEntity": "LACAKDS:purchaseorder_audit",
    "roleToParent": "PurchaseOrder",
    "roleToChild": "purchaseorder_audit_List",
    "deleteRule": "Cascade",
    "updateRule": "No Action",
    "parentColumns": [
      "order_number"
    ],
    "childColumns": [
      "order_number"
    ]
  }
]
