{
  "name": "API Documentation",
  "description": "This role is special and is used when generating OpenAPI(Swagger) documentation. It is recognized by the name special name 'API Documentation' and used only for documentation calls.\n Any Resources, Tables, Views, Procedures etc. that are defined and enabled by this role are used to generate the OpenAPI(Swagger) documentation.\n If this role is assigned to a user it will NOT be used for execution permissions.\n If this role is removed or otherwise unavailable, the Swagger/OpenAPI documentation will be nothing more that a name and version.",
  "defaultTablePermission": "A",
  "defaultViewPermission": "R",
  "defaultFunctionPermission": "X",
  "globals": {
  },
  "apiVisibility": {
    "table": {
      "isRestricted": false,
      "restrictedTo": null
    },
    "view": {
      "isRestricted": false,
      "restrictedTo": null
    },
    "resource": {
      "isRestricted": false,
      "restrictedTo": null
    },
    "procedure": {
      "isRestricted": false,
      "restrictedTo": null
    },
    "metatable": {
      "isRestricted": false,
      "restrictedTo": null
    },
    "function": {
      "isRestricted": false,
      "restrictedTo": null
    }
  },
  "entityPermission": {
  },
  "functionPermission": {
  }
}
