{
  "name": "db2iDataQueueK",
  "isActive": false,
  "description": "Provide details of AS400 keyed data queue connections parameters.",
  "providerName": "Db2iDataQueue",
  "parameters": {
    "objectPath_path": {
      "name": "objectPath",
      "value": "/qsys.lib/libname.lib/KEYEDQ",
      "comments": null,
      "kind": "path"
    },
    "password_path": {
      "name": "password",
      "value": "2:g8lsSYQgP3MjIGoqrQC00Afl0BEna481",
      "comments": null,
      "kind": "path"
    },
    "systemName_path": {
      "name": "systemName",
      "value": "AS400Address",
      "comments": null,
      "kind": "path"
    },
    "type_path": {
      "name": "type",
      "value": "var Jt400Type = Java.type(\"org.apache.camel.component.jt400.Jt400Type\");\nvar fact = Jt400Type.DTAQ;\nreturn fact;",
      "comments": null,
      "kind": "path"
    },
    "userID_path": {
      "name": "userID",
      "value": "2:Eo+FAmZR2JVjltf8hL4VuSiYyATKXYXC",
      "comments": null,
      "kind": "path"
    }
  }
}
